{
  "Create Student Address" : {
    "transaction" : "Create Student Address",
    "sampleCount" : 400,
    "errorCount" : 0,
    "errorPct" : 0.0,
    "meanResTime" : 1190.2499999999998,
    "medianResTime" : 1102.0,
    "minResTime" : 94.0,
    "maxResTime" : 5180.0,
    "pct1ResTime" : 2570.2000000000007,
    "pct2ResTime" : 3970.95,
    "pct3ResTime" : 4692.470000000001,
    "throughput" : 18.34862385321101,
    "receivedKBytesPerSec" : 5.931049311926605,
    "sentKBytesPerSec" : 9.210149082568806
  },
  "Create Student" : {
    "transaction" : "Create Student",
    "sampleCount" : 400,
    "errorCount" : 0,
    "errorPct" : 0.0,
    "meanResTime" : 2159.2524999999996,
    "medianResTime" : 1831.5,
    "minResTime" : 486.0,
    "maxResTime" : 14880.0,
    "pct1ResTime" : 4451.400000000001,
    "pct2ResTime" : 5079.95,
    "pct3ResTime" : 6977.250000000001,
    "throughput" : 17.738359201773836,
    "receivedKBytesPerSec" : 8.228242793791575,
    "sentKBytesPerSec" : 5.681818181818182
  },
  "Get Specific Student Details" : {
    "transaction" : "Get Specific Student Details",
    "sampleCount" : 400,
    "errorCount" : 0,
    "errorPct" : 0.0,
    "meanResTime" : 1313.2675000000008,
    "medianResTime" : 961.0,
    "minResTime" : 116.0,
    "maxResTime" : 5986.0,
    "pct1ResTime" : 2871.9,
    "pct2ResTime" : 4136.0,
    "pct3ResTime" : 4734.88,
    "throughput" : 17.602534765006162,
    "receivedKBytesPerSec" : 7.305739526491815,
    "sentKBytesPerSec" : 2.8535359091709207
  },
  "Update Student" : {
    "transaction" : "Update Student",
    "sampleCount" : 400,
    "errorCount" : 0,
    "errorPct" : 0.0,
    "meanResTime" : 1071.9424999999994,
    "medianResTime" : 889.5,
    "minResTime" : 88.0,
    "maxResTime" : 4616.0,
    "pct1ResTime" : 2301.6000000000004,
    "pct2ResTime" : 3085.5499999999997,
    "pct3ResTime" : 4343.84,
    "throughput" : 17.452768445394653,
    "receivedKBytesPerSec" : 7.976460578559274,
    "sentKBytesPerSec" : 5.897126837994676
  },
  "Debug Sampler" : {
    "transaction" : "Debug Sampler",
    "sampleCount" : 400,
    "errorCount" : 0,
    "errorPct" : 0.0,
    "meanResTime" : 0.32499999999999996,
    "medianResTime" : 0.0,
    "minResTime" : 0.0,
    "maxResTime" : 12.0,
    "pct1ResTime" : 1.0,
    "pct2ResTime" : 1.0,
    "pct3ResTime" : 11.0,
    "throughput" : 19.318072056408774,
    "receivedKBytesPerSec" : 5.9722838488843815,
    "sentKBytesPerSec" : 0.0
  },
  "Total" : {
    "transaction" : "Total",
    "sampleCount" : 3200,
    "errorCount" : 0,
    "errorPct" : 0.0,
    "meanResTime" : 1490.1809375,
    "medianResTime" : 1156.5,
    "minResTime" : 0.0,
    "maxResTime" : 14880.0,
    "pct1ResTime" : 3641.4000000000024,
    "pct2ResTime" : 4506.9,
    "pct3ResTime" : 5160.869999999997,
    "throughput" : 123.76237623762376,
    "receivedKBytesPerSec" : 216.24899382638458,
    "sentKBytesPerSec" : 29.218314897896036
  },
  "Get Student" : {
    "transaction" : "Get Student",
    "sampleCount" : 400,
    "errorCount" : 0,
    "errorPct" : 0.0,
    "meanResTime" : 1973.1825000000006,
    "medianResTime" : 1748.0,
    "minResTime" : 265.0,
    "maxResTime" : 6661.0,
    "pct1ResTime" : 3971.6000000000004,
    "pct2ResTime" : 4592.65,
    "pct3ResTime" : 5543.220000000001,
    "throughput" : 17.196904557179707,
    "receivedKBytesPerSec" : 189.0356298366294,
    "sentKBytesPerSec" : 2.6534286328460874
  },
  "Delete Details" : {
    "transaction" : "Delete Details",
    "sampleCount" : 400,
    "errorCount" : 0,
    "errorPct" : 0.0,
    "meanResTime" : 2042.277499999999,
    "medianResTime" : 1627.0,
    "minResTime" : 84.0,
    "maxResTime" : 5342.0,
    "pct1ResTime" : 4376.600000000001,
    "pct2ResTime" : 4558.4,
    "pct3ResTime" : 4827.0,
    "throughput" : 17.753317651236074,
    "receivedKBytesPerSec" : 5.790632905774267,
    "sentKBytesPerSec" : 4.368980515733878
  },
  "Get Final Student Details" : {
    "transaction" : "Get Final Student Details",
    "sampleCount" : 400,
    "errorCount" : 0,
    "errorPct" : 0.0,
    "meanResTime" : 2170.950000000001,
    "medianResTime" : 1754.0,
    "minResTime" : 269.0,
    "maxResTime" : 5077.0,
    "pct1ResTime" : 4544.700000000001,
    "pct2ResTime" : 4727.4,
    "pct3ResTime" : 4874.89,
    "throughput" : 17.56697408871322,
    "receivedKBytesPerSec" : 12.145915678524375,
    "sentKBytesPerSec" : 2.9163921826965304
  }
}