{
  "Create Student Address" : {
    "transaction" : "Create Student Address",
    "sampleCount" : 200,
    "errorCount" : 0,
    "errorPct" : 0.0,
    "meanResTime" : 325.4900000000001,
    "medianResTime" : 298.0,
    "minResTime" : 80.0,
    "maxResTime" : 923.0,
    "pct1ResTime" : 595.9,
    "pct2ResTime" : 675.9999999999998,
    "pct3ResTime" : 841.8400000000001,
    "throughput" : 17.201341704652965,
    "receivedKBytesPerSec" : 5.560199320547002,
    "sentKBytesPerSec" : 8.63426722284338
  },
  "Create Student" : {
    "transaction" : "Create Student",
    "sampleCount" : 200,
    "errorCount" : 0,
    "errorPct" : 0.0,
    "meanResTime" : 769.3600000000002,
    "medianResTime" : 740.0,
    "minResTime" : 350.0,
    "maxResTime" : 4014.0,
    "pct1ResTime" : 996.9,
    "pct2ResTime" : 1138.6499999999999,
    "pct3ResTime" : 3624.350000000002,
    "throughput" : 15.791551519936833,
    "receivedKBytesPerSec" : 7.32518258981445,
    "sentKBytesPerSec" : 5.058231346229768
  },
  "Get Specific Student Details" : {
    "transaction" : "Get Specific Student Details",
    "sampleCount" : 200,
    "errorCount" : 0,
    "errorPct" : 0.0,
    "meanResTime" : 348.9900000000001,
    "medianResTime" : 301.5,
    "minResTime" : 80.0,
    "maxResTime" : 989.0,
    "pct1ResTime" : 647.9,
    "pct2ResTime" : 668.6499999999999,
    "pct3ResTime" : 972.5800000000004,
    "throughput" : 17.204301075268816,
    "receivedKBytesPerSec" : 7.140456989247312,
    "sentKBytesPerSec" : 2.788978494623656
  },
  "Update Student" : {
    "transaction" : "Update Student",
    "sampleCount" : 200,
    "errorCount" : 0,
    "errorPct" : 0.0,
    "meanResTime" : 400.49,
    "medianResTime" : 365.5,
    "minResTime" : 83.0,
    "maxResTime" : 1141.0,
    "pct1ResTime" : 706.0,
    "pct2ResTime" : 783.75,
    "pct3ResTime" : 842.7800000000002,
    "throughput" : 17.205781142463866,
    "receivedKBytesPerSec" : 7.863579662766689,
    "sentKBytesPerSec" : 5.81367214384033
  },
  "Debug Sampler" : {
    "transaction" : "Debug Sampler",
    "sampleCount" : 200,
    "errorCount" : 0,
    "errorPct" : 0.0,
    "meanResTime" : 0.16000000000000003,
    "medianResTime" : 0.0,
    "minResTime" : 0.0,
    "maxResTime" : 5.0,
    "pct1ResTime" : 1.0,
    "pct2ResTime" : 1.0,
    "pct3ResTime" : 1.0,
    "throughput" : 18.140589569160998,
    "receivedKBytesPerSec" : 5.604450113378685,
    "sentKBytesPerSec" : 0.0
  },
  "Total" : {
    "transaction" : "Total",
    "sampleCount" : 1600,
    "errorCount" : 0,
    "errorPct" : 0.0,
    "meanResTime" : 410.50187500000027,
    "medianResTime" : 394.5,
    "minResTime" : 0.0,
    "maxResTime" : 4014.0,
    "pct1ResTime" : 763.9000000000001,
    "pct2ResTime" : 842.9499999999998,
    "pct3ResTime" : 1044.91,
    "throughput" : 119.56359288596623,
    "receivedKBytesPerSec" : 206.54880681605889,
    "sentKBytesPerSec" : 28.22704939470931
  },
  "Get Student" : {
    "transaction" : "Get Student",
    "sampleCount" : 200,
    "errorCount" : 0,
    "errorPct" : 0.0,
    "meanResTime" : 491.65000000000003,
    "medianResTime" : 505.5,
    "minResTime" : 161.0,
    "maxResTime" : 1150.0,
    "pct1ResTime" : 733.9,
    "pct2ResTime" : 813.95,
    "pct3ResTime" : 1119.1700000000017,
    "throughput" : 17.08963513628984,
    "receivedKBytesPerSec" : 185.1572680349056,
    "sentKBytesPerSec" : 2.636877296419722
  },
  "Delete Details" : {
    "transaction" : "Delete Details",
    "sampleCount" : 200,
    "errorCount" : 0,
    "errorPct" : 0.0,
    "meanResTime" : 387.5799999999998,
    "medianResTime" : 386.5,
    "minResTime" : 85.0,
    "maxResTime" : 825.0,
    "pct1ResTime" : 657.3000000000001,
    "pct2ResTime" : 687.8,
    "pct3ResTime" : 805.3700000000006,
    "throughput" : 17.328019407381735,
    "receivedKBytesPerSec" : 5.65191258014209,
    "sentKBytesPerSec" : 4.264317276035349
  },
  "Get Final Student Details" : {
    "transaction" : "Get Final Student Details",
    "sampleCount" : 200,
    "errorCount" : 0,
    "errorPct" : 0.0,
    "meanResTime" : 560.2950000000001,
    "medianResTime" : 582.0,
    "minResTime" : 191.0,
    "maxResTime" : 1031.0,
    "pct1ResTime" : 801.8,
    "pct2ResTime" : 840.3999999999999,
    "pct3ResTime" : 928.99,
    "throughput" : 17.13208840157615,
    "receivedKBytesPerSec" : 11.845232996402261,
    "sentKBytesPerSec" : 2.844194363542916
  }
}