{
  "Create Student Address" : {
    "transaction" : "Create Student Address",
    "sampleCount" : 550,
    "errorCount" : 15,
    "errorPct" : 2.7272727,
    "meanResTime" : 1329.2109090909082,
    "medianResTime" : 1121.0,
    "minResTime" : 189.0,
    "maxResTime" : 7656.0,
    "pct1ResTime" : 2980.6000000000004,
    "pct2ResTime" : 3639.0999999999985,
    "pct3ResTime" : 5454.74,
    "throughput" : 19.343040022508266,
    "receivedKBytesPerSec" : 6.296791473236266,
    "sentKBytesPerSec" : 9.705693173225715
  },
  "Create Student" : {
    "transaction" : "Create Student",
    "sampleCount" : 550,
    "errorCount" : 15,
    "errorPct" : 2.7272727,
    "meanResTime" : 3485.007272727271,
    "medianResTime" : 2414.0,
    "minResTime" : 775.0,
    "maxResTime" : 21057.0,
    "pct1ResTime" : 5364.6,
    "pct2ResTime" : 8479.35,
    "pct3ResTime" : 21044.47,
    "throughput" : 20.167943969784755,
    "receivedKBytesPerSec" : 10.58906582312713,
    "sentKBytesPerSec" : 6.2838615195629055
  },
  "Get Specific Student Details" : {
    "transaction" : "Get Specific Student Details",
    "sampleCount" : 550,
    "errorCount" : 0,
    "errorPct" : 0.0,
    "meanResTime" : 2495.0854545454567,
    "medianResTime" : 2859.5,
    "minResTime" : 79.0,
    "maxResTime" : 5236.0,
    "pct1ResTime" : 3890.8,
    "pct2ResTime" : 4301.499999999999,
    "pct3ResTime" : 5029.9400000000005,
    "throughput" : 16.75194931773879,
    "receivedKBytesPerSec" : 11.581212688840155,
    "sentKBytesPerSec" : 2.712524889970151
  },
  "Update Student" : {
    "transaction" : "Update Student",
    "sampleCount" : 550,
    "errorCount" : 15,
    "errorPct" : 2.7272727,
    "meanResTime" : 2336.200000000003,
    "medianResTime" : 2284.5,
    "minResTime" : 100.0,
    "maxResTime" : 7965.0,
    "pct1ResTime" : 4211.0,
    "pct2ResTime" : 4375.0,
    "pct3ResTime" : 4577.21,
    "throughput" : 16.63440600048391,
    "receivedKBytesPerSec" : 7.570545003629325,
    "sentKBytesPerSec" : 5.614407380383499
  },
  "Debug Sampler" : {
    "transaction" : "Debug Sampler",
    "sampleCount" : 550,
    "errorCount" : 0,
    "errorPct" : 0.0,
    "meanResTime" : 0.13818181818181813,
    "medianResTime" : 0.0,
    "minResTime" : 0.0,
    "maxResTime" : 6.0,
    "pct1ResTime" : 1.0,
    "pct2ResTime" : 1.0,
    "pct3ResTime" : 1.0,
    "throughput" : 18.244543222981488,
    "receivedKBytesPerSec" : 5.645344998092615,
    "sentKBytesPerSec" : 0.0
  },
  "Total" : {
    "transaction" : "Total",
    "sampleCount" : 4400,
    "errorCount" : 75,
    "errorPct" : 1.7045455,
    "meanResTime" : 2384.630000000002,
    "medianResTime" : 2161.5,
    "minResTime" : 0.0,
    "maxResTime" : 21057.0,
    "pct1ResTime" : 4410.700000000001,
    "pct2ResTime" : 5079.95,
    "pct3ResTime" : 7964.699999999993,
    "throughput" : 113.78035220190841,
    "receivedKBytesPerSec" : 202.79143184653876,
    "sentKBytesPerSec" : 26.721564205089084
  },
  "Get Student" : {
    "transaction" : "Get Student",
    "sampleCount" : 550,
    "errorCount" : 0,
    "errorPct" : 0.0,
    "meanResTime" : 3258.279999999999,
    "medianResTime" : 3035.0,
    "minResTime" : 313.0,
    "maxResTime" : 9142.0,
    "pct1ResTime" : 5709.800000000003,
    "pct2ResTime" : 7269.849999999999,
    "pct3ResTime" : 8711.880000000001,
    "throughput" : 19.144418531797136,
    "receivedKBytesPerSec" : 209.44629528307635,
    "sentKBytesPerSec" : 2.9539239531483865
  },
  "Delete Details" : {
    "transaction" : "Delete Details",
    "sampleCount" : 550,
    "errorCount" : 15,
    "errorPct" : 2.7272727,
    "meanResTime" : 2898.116363636364,
    "medianResTime" : 3105.5,
    "minResTime" : 75.0,
    "maxResTime" : 5363.0,
    "pct1ResTime" : 4440.0,
    "pct2ResTime" : 5034.45,
    "pct3ResTime" : 5259.9400000000005,
    "throughput" : 17.810880829015545,
    "receivedKBytesPerSec" : 5.838819118361399,
    "sentKBytesPerSec" : 4.379825888520078
  },
  "Get Final Student Details" : {
    "transaction" : "Get Final Student Details",
    "sampleCount" : 550,
    "errorCount" : 15,
    "errorPct" : 2.7272727,
    "meanResTime" : 3275.0018181818195,
    "medianResTime" : 3533.0,
    "minResTime" : 80.0,
    "maxResTime" : 5904.0,
    "pct1ResTime" : 5037.500000000001,
    "pct2ResTime" : 5471.299999999999,
    "pct3ResTime" : 5781.41,
    "throughput" : 16.97216564833673,
    "receivedKBytesPerSec" : 11.606285294389929,
    "sentKBytesPerSec" : 2.81448048779547
  }
}