{
  "Create Student Address" : {
    "transaction" : "Create Student Address",
    "sampleCount" : 50,
    "errorCount" : 0,
    "errorPct" : 0.0,
    "meanResTime" : 173.4,
    "medianResTime" : 118.5,
    "minResTime" : 105.0,
    "maxResTime" : 827.0,
    "pct1ResTime" : 373.2999999999997,
    "pct2ResTime" : 554.2999999999989,
    "pct3ResTime" : 827.0,
    "throughput" : 4.766898655734579,
    "receivedKBytesPerSec" : 1.5408627490704547,
    "sentKBytesPerSec" : 2.392759676804271
  },
  "Create Student" : {
    "transaction" : "Create Student",
    "sampleCount" : 50,
    "errorCount" : 0,
    "errorPct" : 0.0,
    "meanResTime" : 1296.86,
    "medianResTime" : 859.0,
    "minResTime" : 420.0,
    "maxResTime" : 6885.0,
    "pct1ResTime" : 3252.2,
    "pct2ResTime" : 3406.4999999999995,
    "pct3ResTime" : 6885.0,
    "throughput" : 4.157312713062277,
    "receivedKBytesPerSec" : 1.9284409557661928,
    "sentKBytesPerSec" : 1.3316392284027605
  },
  "Get Specific Student Details" : {
    "transaction" : "Get Specific Student Details",
    "sampleCount" : 50,
    "errorCount" : 0,
    "errorPct" : 0.0,
    "meanResTime" : 156.11999999999998,
    "medianResTime" : 110.0,
    "minResTime" : 102.0,
    "maxResTime" : 1025.0,
    "pct1ResTime" : 130.6,
    "pct2ResTime" : 630.199999999998,
    "pct3ResTime" : 1025.0,
    "throughput" : 4.776005349125991,
    "receivedKBytesPerSec" : 1.9822287825962366,
    "sentKBytesPerSec" : 0.7742352421434713
  },
  "Update Student" : {
    "transaction" : "Update Student",
    "sampleCount" : 50,
    "errorCount" : 0,
    "errorPct" : 0.0,
    "meanResTime" : 305.9799999999999,
    "medianResTime" : 114.5,
    "minResTime" : 103.0,
    "maxResTime" : 1290.0,
    "pct1ResTime" : 855.4999999999999,
    "pct2ResTime" : 900.35,
    "pct3ResTime" : 1290.0,
    "throughput" : 4.776005349125991,
    "receivedKBytesPerSec" : 2.182783694717738,
    "sentKBytesPerSec" : 1.6137674324195244
  },
  "Debug Sampler" : {
    "transaction" : "Debug Sampler",
    "sampleCount" : 50,
    "errorCount" : 0,
    "errorPct" : 0.0,
    "meanResTime" : 0.6599999999999997,
    "medianResTime" : 0.0,
    "minResTime" : 0.0,
    "maxResTime" : 7.0,
    "pct1ResTime" : 4.0,
    "pct2ResTime" : 4.449999999999996,
    "pct3ResTime" : 7.0,
    "throughput" : 5.478251342171579,
    "receivedKBytesPerSec" : 1.688307186096198,
    "sentKBytesPerSec" : 0.0
  },
  "Total" : {
    "transaction" : "Total",
    "sampleCount" : 400,
    "errorCount" : 0,
    "errorPct" : 0.0,
    "meanResTime" : 392.18,
    "medianResTime" : 131.0,
    "minResTime" : 0.0,
    "maxResTime" : 6885.0,
    "pct1ResTime" : 968.900000000001,
    "pct2ResTime" : 1155.3999999999999,
    "pct3ResTime" : 3264.0,
    "throughput" : 27.129679869777537,
    "receivedKBytesPerSec" : 46.184504607806566,
    "sentKBytesPerSec" : 6.404882918475312
  },
  "Get Student" : {
    "transaction" : "Get Student",
    "sampleCount" : 50,
    "errorCount" : 0,
    "errorPct" : 0.0,
    "meanResTime" : 674.9399999999999,
    "medianResTime" : 680.0,
    "minResTime" : 199.0,
    "maxResTime" : 1458.0,
    "pct1ResTime" : 1082.3,
    "pct2ResTime" : 1132.6499999999999,
    "pct3ResTime" : 1458.0,
    "throughput" : 4.69087156393658,
    "receivedKBytesPerSec" : 49.88247167886293,
    "sentKBytesPerSec" : 0.7237868233417769
  },
  "Delete Details" : {
    "transaction" : "Delete Details",
    "sampleCount" : 50,
    "errorCount" : 0,
    "errorPct" : 0.0,
    "meanResTime" : 134.68,
    "medianResTime" : 113.0,
    "minResTime" : 103.0,
    "maxResTime" : 440.0,
    "pct1ResTime" : 166.2,
    "pct2ResTime" : 381.2999999999998,
    "pct3ResTime" : 440.0,
    "throughput" : 5.3361792956243335,
    "receivedKBytesPerSec" : 1.7405116061899681,
    "sentKBytesPerSec" : 1.3132003735325508
  },
  "Get Final Student Details" : {
    "transaction" : "Get Final Student Details",
    "sampleCount" : 50,
    "errorCount" : 0,
    "errorPct" : 0.0,
    "meanResTime" : 394.80000000000007,
    "medianResTime" : 265.0,
    "minResTime" : 207.0,
    "maxResTime" : 1382.0,
    "pct1ResTime" : 933.9,
    "pct2ResTime" : 1083.4499999999998,
    "pct3ResTime" : 1382.0,
    "throughput" : 4.7125353440150795,
    "receivedKBytesPerSec" : 3.258276390197927,
    "sentKBytesPerSec" : 0.7823545004712535
  }
}