{
  "Create Student Address" : {
    "transaction" : "Create Student Address",
    "sampleCount" : 500,
    "errorCount" : 0,
    "errorPct" : 0.0,
    "meanResTime" : 1135.5079999999994,
    "medianResTime" : 891.0,
    "minResTime" : 87.0,
    "maxResTime" : 10201.0,
    "pct1ResTime" : 1850.2000000000003,
    "pct2ResTime" : 2597.9499999999966,
    "pct3ResTime" : 8836.22000000001,
    "throughput" : 21.68726957276079,
    "receivedKBytesPerSec" : 7.010240457601388,
    "sentKBytesPerSec" : 10.885992734764693
  },
  "Create Student" : {
    "transaction" : "Create Student",
    "sampleCount" : 500,
    "errorCount" : 0,
    "errorPct" : 0.0,
    "meanResTime" : 2016.0460000000012,
    "medianResTime" : 1847.0,
    "minResTime" : 385.0,
    "maxResTime" : 8626.0,
    "pct1ResTime" : 3407.900000000002,
    "pct2ResTime" : 4189.9,
    "pct3ResTime" : 4987.92,
    "throughput" : 27.51940117783037,
    "receivedKBytesPerSec" : 12.76534722604436,
    "sentKBytesPerSec" : 8.81480818977379
  },
  "Get Specific Student Details" : {
    "transaction" : "Get Specific Student Details",
    "sampleCount" : 500,
    "errorCount" : 0,
    "errorPct" : 0.0,
    "meanResTime" : 1778.0880000000004,
    "medianResTime" : 1439.5,
    "minResTime" : 171.0,
    "maxResTime" : 10171.0,
    "pct1ResTime" : 2708.500000000001,
    "pct2ResTime" : 6346.899999999997,
    "pct3ResTime" : 10069.2,
    "throughput" : 16.779086546528408,
    "receivedKBytesPerSec" : 6.9639763498775125,
    "sentKBytesPerSec" : 2.7200472331286285
  },
  "Update Student" : {
    "transaction" : "Update Student",
    "sampleCount" : 500,
    "errorCount" : 0,
    "errorPct" : 0.0,
    "meanResTime" : 2490.638,
    "medianResTime" : 1505.5,
    "minResTime" : 144.0,
    "maxResTime" : 10248.0,
    "pct1ResTime" : 6919.900000000001,
    "pct2ResTime" : 9050.9,
    "pct3ResTime" : 9997.87,
    "throughput" : 17.609974289437538,
    "receivedKBytesPerSec" : 8.048308561969499,
    "sentKBytesPerSec" : 5.95024521889198
  },
  "Debug Sampler" : {
    "transaction" : "Debug Sampler",
    "sampleCount" : 500,
    "errorCount" : 0,
    "errorPct" : 0.0,
    "meanResTime" : 0.30200000000000016,
    "medianResTime" : 0.0,
    "minResTime" : 0.0,
    "maxResTime" : 36.0,
    "pct1ResTime" : 1.0,
    "pct2ResTime" : 1.0,
    "pct3ResTime" : 1.990000000000009,
    "throughput" : 17.957190058899585,
    "receivedKBytesPerSec" : 5.553366243625197,
    "sentKBytesPerSec" : 0.0
  },
  "Total" : {
    "transaction" : "Total",
    "sampleCount" : 4000,
    "errorCount" : 0,
    "errorPct" : 0.0,
    "meanResTime" : 2177.8314999999966,
    "medianResTime" : 1477.0,
    "minResTime" : 0.0,
    "maxResTime" : 10833.0,
    "pct1ResTime" : 5685.9,
    "pct2ResTime" : 8032.799999999996,
    "pct3ResTime" : 9963.99,
    "throughput" : 122.38029677221968,
    "receivedKBytesPerSec" : 213.2268122800979,
    "sentKBytesPerSec" : 28.89202807098057
  },
  "Get Student" : {
    "transaction" : "Get Student",
    "sampleCount" : 500,
    "errorCount" : 0,
    "errorPct" : 0.0,
    "meanResTime" : 2736.5600000000004,
    "medianResTime" : 1946.5,
    "minResTime" : 176.0,
    "maxResTime" : 10634.0,
    "pct1ResTime" : 6129.400000000001,
    "pct2ResTime" : 8326.7,
    "pct3ResTime" : 10119.0,
    "throughput" : 20.106160527585654,
    "receivedKBytesPerSec" : 220.21519717860303,
    "sentKBytesPerSec" : 3.1023177376548174
  },
  "Delete Details" : {
    "transaction" : "Delete Details",
    "sampleCount" : 500,
    "errorCount" : 0,
    "errorPct" : 0.0,
    "meanResTime" : 3443.304000000002,
    "medianResTime" : 2605.0,
    "minResTime" : 83.0,
    "maxResTime" : 10204.0,
    "pct1ResTime" : 7899.0,
    "pct2ResTime" : 9119.0,
    "pct3ResTime" : 9994.97,
    "throughput" : 17.368951262722756,
    "receivedKBytesPerSec" : 5.665263400145899,
    "sentKBytesPerSec" : 4.274390349810679
  },
  "Get Final Student Details" : {
    "transaction" : "Get Final Student Details",
    "sampleCount" : 500,
    "errorCount" : 0,
    "errorPct" : 0.0,
    "meanResTime" : 3822.2060000000015,
    "medianResTime" : 2723.5,
    "minResTime" : 313.0,
    "maxResTime" : 10833.0,
    "pct1ResTime" : 8645.7,
    "pct2ResTime" : 9388.3,
    "pct3ResTime" : 10143.96,
    "throughput" : 16.664444740701242,
    "receivedKBytesPerSec" : 11.521901246500466,
    "sentKBytesPerSec" : 2.766558208905479
  }
}