{
  "Create Student Address" : {
    "transaction" : "Create Student Address",
    "sampleCount" : 100,
    "errorCount" : 0,
    "errorPct" : 0.0,
    "meanResTime" : 113.49999999999997,
    "medianResTime" : 94.5,
    "minResTime" : 79.0,
    "maxResTime" : 387.0,
    "pct1ResTime" : 159.70000000000002,
    "pct2ResTime" : 224.6999999999997,
    "pct3ResTime" : 386.4099999999997,
    "throughput" : 11.144544745347153,
    "receivedKBytesPerSec" : 3.602387022177644,
    "sentKBytesPerSec" : 5.594039061629332
  },
  "Create Student" : {
    "transaction" : "Create Student",
    "sampleCount" : 100,
    "errorCount" : 0,
    "errorPct" : 0.0,
    "meanResTime" : 440.3600000000001,
    "medianResTime" : 385.5,
    "minResTime" : 334.0,
    "maxResTime" : 987.0,
    "pct1ResTime" : 654.4000000000001,
    "pct2ResTime" : 838.1999999999989,
    "pct3ResTime" : 986.99,
    "throughput" : 10.025062656641603,
    "receivedKBytesPerSec" : 4.6502976190476195,
    "sentKBytesPerSec" : 3.2111528822055138
  },
  "Get Specific Student Details" : {
    "transaction" : "Get Specific Student Details",
    "sampleCount" : 100,
    "errorCount" : 0,
    "errorPct" : 0.0,
    "meanResTime" : 96.44,
    "medianResTime" : 89.0,
    "minResTime" : 79.0,
    "maxResTime" : 268.0,
    "pct1ResTime" : 116.9,
    "pct2ResTime" : 140.4999999999999,
    "pct3ResTime" : 267.3899999999997,
    "throughput" : 11.159468809284679,
    "receivedKBytesPerSec" : 4.631615472603504,
    "sentKBytesPerSec" : 1.8090545140051333
  },
  "Update Student" : {
    "transaction" : "Update Student",
    "sampleCount" : 100,
    "errorCount" : 0,
    "errorPct" : 0.0,
    "meanResTime" : 115.52000000000002,
    "medianResTime" : 95.0,
    "minResTime" : 80.0,
    "maxResTime" : 413.0,
    "pct1ResTime" : 149.70000000000002,
    "pct2ResTime" : 266.8999999999995,
    "pct3ResTime" : 412.7899999999999,
    "throughput" : 11.170688114387847,
    "receivedKBytesPerSec" : 5.10535355227882,
    "sentKBytesPerSec" : 3.774470788650581
  },
  "Debug Sampler" : {
    "transaction" : "Debug Sampler",
    "sampleCount" : 100,
    "errorCount" : 0,
    "errorPct" : 0.0,
    "meanResTime" : 0.21000000000000008,
    "medianResTime" : 0.0,
    "minResTime" : 0.0,
    "maxResTime" : 5.0,
    "pct1ResTime" : 1.0,
    "pct2ResTime" : 1.0,
    "pct3ResTime" : 4.969999999999985,
    "throughput" : 11.603620329542817,
    "receivedKBytesPerSec" : 3.578425062369459,
    "sentKBytesPerSec" : 0.0
  },
  "Total" : {
    "transaction" : "Total",
    "sampleCount" : 800,
    "errorCount" : 0,
    "errorPct" : 0.0,
    "meanResTime" : 169.53625000000017,
    "medianResTime" : 109.0,
    "minResTime" : 0.0,
    "maxResTime" : 987.0,
    "pct1ResTime" : 375.9,
    "pct2ResTime" : 448.94999999999993,
    "pct3ResTime" : 736.9100000000001,
    "throughput" : 74.95549517474,
    "receivedKBytesPerSec" : 127.34958759837909,
    "sentKBytesPerSec" : 17.695791951653707
  },
  "Get Student" : {
    "transaction" : "Get Student",
    "sampleCount" : 100,
    "errorCount" : 0,
    "errorPct" : 0.0,
    "meanResTime" : 214.54,
    "medianResTime" : 174.0,
    "minResTime" : 155.0,
    "maxResTime" : 659.0,
    "pct1ResTime" : 365.4000000000001,
    "pct2ResTime" : 481.74999999999994,
    "pct3ResTime" : 658.8699999999999,
    "throughput" : 11.060723371308484,
    "receivedKBytesPerSec" : 117.31971020904767,
    "sentKBytesPerSec" : 1.7066350514323636
  },
  "Delete Details" : {
    "transaction" : "Delete Details",
    "sampleCount" : 100,
    "errorCount" : 0,
    "errorPct" : 0.0,
    "meanResTime" : 120.82000000000002,
    "medianResTime" : 96.0,
    "minResTime" : 80.0,
    "maxResTime" : 389.0,
    "pct1ResTime" : 202.50000000000003,
    "pct2ResTime" : 247.19999999999982,
    "pct3ResTime" : 388.9,
    "throughput" : 11.196954428395475,
    "receivedKBytesPerSec" : 3.652131620199306,
    "sentKBytesPerSec" : 2.7555005038629496
  },
  "Get Final Student Details" : {
    "transaction" : "Get Final Student Details",
    "sampleCount" : 100,
    "errorCount" : 0,
    "errorPct" : 0.0,
    "meanResTime" : 254.89999999999998,
    "medianResTime" : 214.0,
    "minResTime" : 181.0,
    "maxResTime" : 728.0,
    "pct1ResTime" : 374.6000000000001,
    "pct2ResTime" : 516.7999999999997,
    "pct3ResTime" : 726.1399999999991,
    "throughput" : 11.036309458117206,
    "receivedKBytesPerSec" : 7.630573336276349,
    "sentKBytesPerSec" : 1.8321998123827392
  }
}