{
  "Create Student Address" : {
    "transaction" : "Create Student Address",
    "sampleCount" : 300,
    "errorCount" : 0,
    "errorPct" : 0.0,
    "meanResTime" : 532.2633333333333,
    "medianResTime" : 384.5,
    "minResTime" : 91.0,
    "maxResTime" : 1590.0,
    "pct1ResTime" : 1097.7,
    "pct2ResTime" : 1175.5,
    "pct3ResTime" : 1326.8000000000002,
    "throughput" : 22.06206795116929,
    "receivedKBytesPerSec" : 7.1313911053096035,
    "sentKBytesPerSec" : 11.074123952051771
  },
  "Create Student" : {
    "transaction" : "Create Student",
    "sampleCount" : 300,
    "errorCount" : 0,
    "errorPct" : 0.0,
    "meanResTime" : 1196.2433333333342,
    "medianResTime" : 1203.5,
    "minResTime" : 384.0,
    "maxResTime" : 5504.0,
    "pct1ResTime" : 1681.6000000000001,
    "pct2ResTime" : 1838.9,
    "pct3ResTime" : 4499.64,
    "throughput" : 21.234428086070217,
    "receivedKBytesPerSec" : 9.849954434456398,
    "sentKBytesPerSec" : 6.801652746319366
  },
  "Get Specific Student Details" : {
    "transaction" : "Get Specific Student Details",
    "sampleCount" : 300,
    "errorCount" : 0,
    "errorPct" : 0.0,
    "meanResTime" : 808.2133333333337,
    "medianResTime" : 779.0,
    "minResTime" : 94.0,
    "maxResTime" : 2665.0,
    "pct1ResTime" : 1676.8000000000002,
    "pct2ResTime" : 1891.0499999999997,
    "pct3ResTime" : 2264.6500000000005,
    "throughput" : 19.82291529007533,
    "receivedKBytesPerSec" : 8.227284178009779,
    "sentKBytesPerSec" : 3.213480408352055
  },
  "Update Student" : {
    "transaction" : "Update Student",
    "sampleCount" : 300,
    "errorCount" : 0,
    "errorPct" : 0.0,
    "meanResTime" : 839.6100000000004,
    "medianResTime" : 425.5,
    "minResTime" : 110.0,
    "maxResTime" : 2836.0,
    "pct1ResTime" : 2152.5,
    "pct2ResTime" : 2239.5499999999997,
    "pct3ResTime" : 2350.2000000000007,
    "throughput" : 19.651513166513823,
    "receivedKBytesPerSec" : 8.98135562688327,
    "sentKBytesPerSec" : 6.640062066029084
  },
  "Debug Sampler" : {
    "transaction" : "Debug Sampler",
    "sampleCount" : 300,
    "errorCount" : 0,
    "errorPct" : 0.0,
    "meanResTime" : 0.25333333333333335,
    "medianResTime" : 0.0,
    "minResTime" : 0.0,
    "maxResTime" : 17.0,
    "pct1ResTime" : 1.0,
    "pct2ResTime" : 1.0,
    "pct3ResTime" : 2.0,
    "throughput" : 21.939447125932425,
    "receivedKBytesPerSec" : 6.78158880448296,
    "sentKBytesPerSec" : 0.0
  },
  "Total" : {
    "transaction" : "Total",
    "sampleCount" : 2400,
    "errorCount" : 0,
    "errorPct" : 0.0,
    "meanResTime" : 821.4145833333341,
    "medianResTime" : 679.5,
    "minResTime" : 0.0,
    "maxResTime" : 5504.0,
    "pct1ResTime" : 1741.9,
    "pct2ResTime" : 2152.749999999999,
    "pct3ResTime" : 2801.9699999999993,
    "throughput" : 136.25525150448505,
    "receivedKBytesPerSec" : 237.10038224210854,
    "sentKBytesPerSec" : 32.167682667196544
  },
  "Get Student" : {
    "transaction" : "Get Student",
    "sampleCount" : 300,
    "errorCount" : 0,
    "errorPct" : 0.0,
    "meanResTime" : 717.1433333333335,
    "medianResTime" : 566.0,
    "minResTime" : 167.0,
    "maxResTime" : 2858.0,
    "pct1ResTime" : 1312.6000000000001,
    "pct2ResTime" : 1695.8499999999965,
    "pct3ResTime" : 2252.3400000000006,
    "throughput" : 19.566918862509784,
    "receivedKBytesPerSec" : 213.96604120466995,
    "sentKBytesPerSec" : 3.0191144338638143
  },
  "Delete Details" : {
    "transaction" : "Delete Details",
    "sampleCount" : 300,
    "errorCount" : 0,
    "errorPct" : 0.0,
    "meanResTime" : 1081.8000000000004,
    "medianResTime" : 985.5,
    "minResTime" : 98.0,
    "maxResTime" : 3407.0,
    "pct1ResTime" : 2143.3000000000006,
    "pct2ResTime" : 2263.7999999999997,
    "pct3ResTime" : 3041.100000000001,
    "throughput" : 19.904458598726112,
    "receivedKBytesPerSec" : 6.492274582006369,
    "sentKBytesPerSec" : 4.898362858280255
  },
  "Get Final Student Details" : {
    "transaction" : "Get Final Student Details",
    "sampleCount" : 300,
    "errorCount" : 0,
    "errorPct" : 0.0,
    "meanResTime" : 1395.7900000000002,
    "medianResTime" : 1371.0,
    "minResTime" : 209.0,
    "maxResTime" : 3463.0,
    "pct1ResTime" : 2349.0,
    "pct2ResTime" : 2751.8999999999996,
    "pct3ResTime" : 2858.88,
    "throughput" : 19.70572779821335,
    "receivedKBytesPerSec" : 13.624663360483448,
    "sentKBytesPerSec" : 3.2714587165002627
  }
}